{
  "project_info": {
    "project_number": "1037905666676",
    "firebase_url": "https://face-detection-mlkit-app-c6ac7.firebaseio.com",
    "project_id": "face-detection-mlkit-app-c6ac7",
    "storage_bucket": "face-detection-mlkit-app-c6ac7.appspot.com"
  },
  "client": [
    {
      "client_info": {
        "mobilesdk_app_id": "1:1037905666676:android:2eb6fd7ab5300fc5c32721",
        "android_client_info": {
          "package_name": "com.example.facedetectionapp"
        }
      },
      "oauth_client": [
        {
          "client_id": "1037905666676-k3qlvgt1a0rlt17ofhv7vgj0ei7uk9qq.apps.googleusercontent.com",
          "client_type": 3
        }
      ],
      "api_key": [
        {
          "current_key": "AIzaSyAv_tyIarA1W7iTcQUNu89FLBgIxAPtc44"
        }
      ],
      "services": {
        "appinvite_service": {
          "other_platform_oauth_client": [
            {
              "client_id": "1037905666676-k3qlvgt1a0rlt17ofhv7vgj0ei7uk9qq.apps.googleusercontent.com",
              "client_type": 3
            }
          ]
        }
      }
    }
  ],
  "configuration_version": "1"
}